"Name","State","Notes","User","Tags","Created","Runtime","Sweep","attack_type","dataset","diff_attack_steps","end","freq_log","gen_seed","guidance_scale","image_length","local_path","max_num_log_image","model_id","num_images","num_inference_steps","project_name","rand_aug","reference_model","reference_model_pretrain","run_name","save_locally","start","test_num_inference_steps","use_attack","use_attack_prompt","vae_attack_name","vae_attack_quality","w_channel","w_injection","w_mask_shape","w_measurement","w_pattern","w_pattern_const","w_radius","w_seed","with_tracking","TPR@1%FPR","acc","auc","clip_score_mean","clip_score_std","w_clip_score_mean","w_clip_score_std"
"s_500","finished","-","jurujin","tree_ring_watermark","2024-01-09T02:05:45.000Z","3447","","diff","Gustavosta/Stable-Diffusion-Prompts","500","200","20","0","7.5","512","/data/varlamov_a_data/dima/images","100","stabilityai/stable-diffusion-2-1-base","1","40","new_big_diff_attacks","0","ViT-g-14","laion2b_s12b_b42k","s_500","false","0","40","true","false","cheng2020-anchor","3","3","complex","circle","l1_complex","ring","0","10","999999","true","0.07734806629834254","0.6740331491712708","0.69402643386954","0.36530479821710954","0.03854020883924598","0.3675846049140171","0.039215794373207394"
"s_490","finished","-","jurujin","tree_ring_watermark","2024-01-09T01:20:38.000Z","2698","","diff","Gustavosta/Stable-Diffusion-Prompts","490","200","20","0","7.5","512","/data/varlamov_a_data/dima/images","100","stabilityai/stable-diffusion-2-1-base","1","40","new_big_diff_attacks","0","ViT-g-14","laion2b_s12b_b42k","s_490","false","0","40","true","false","cheng2020-anchor","3","3","complex","circle","l1_complex","ring","0","10","999999","true","0.09944751381215468","0.6850828729281768","0.6908671896462256","0.36530479821710954","0.03854020883924598","0.3675846049140171","0.039215794373207394"
"s_480","finished","-","jurujin","tree_ring_watermark","2024-01-09T00:23:14.000Z","3435","","diff","Gustavosta/Stable-Diffusion-Prompts","480","200","20","0","7.5","512","/data/varlamov_a_data/dima/images","100","stabilityai/stable-diffusion-2-1-base","1","40","new_big_diff_attacks","0","ViT-g-14","laion2b_s12b_b42k","s_480","false","0","40","true","false","cheng2020-anchor","3","3","complex","circle","l1_complex","ring","0","10","999999","true","0.12154696132596685","0.6850828729281768","0.7189035743719666","0.36530479821710954","0.03854020883924598","0.3675846049140171","0.039215794373207394"
"s_470","finished","-","jurujin","tree_ring_watermark","2024-01-08T23:42:32.000Z","2434","","diff","Gustavosta/Stable-Diffusion-Prompts","470","200","20","0","7.5","512","/data/varlamov_a_data/dima/images","100","stabilityai/stable-diffusion-2-1-base","1","40","new_big_diff_attacks","0","ViT-g-14","laion2b_s12b_b42k","s_470","false","0","40","true","false","cheng2020-anchor","3","3","complex","circle","l1_complex","ring","0","10","999999","true","0.1270718232044199","0.6850828729281768","0.7112420255791949","0.36530479821710954","0.03854020883924598","0.3675846049140171","0.039215794373207394"
"s_460","finished","-","jurujin","tree_ring_watermark","2024-01-08T22:45:32.000Z","3411","","diff","Gustavosta/Stable-Diffusion-Prompts","460","200","20","0","7.5","512","/data/varlamov_a_data/dima/images","100","stabilityai/stable-diffusion-2-1-base","1","40","new_big_diff_attacks","0","ViT-g-14","laion2b_s12b_b42k","s_460","false","0","40","true","false","cheng2020-anchor","3","3","complex","circle","l1_complex","ring","0","10","999999","true","0.14917127071823205","0.701657458563536","0.7409267116388389","0.36530479821710954","0.03854020883924598","0.3675846049140171","0.039215794373207394"
"s_450","finished","-","jurujin","tree_ring_watermark","2024-01-08T22:04:05.000Z","2479","","diff","Gustavosta/Stable-Diffusion-Prompts","450","200","20","0","7.5","512","/data/varlamov_a_data/dima/images","100","stabilityai/stable-diffusion-2-1-base","1","40","new_big_diff_attacks","0","ViT-g-14","laion2b_s12b_b42k","s_450","false","0","40","true","false","cheng2020-anchor","3","3","complex","circle","l1_complex","ring","0","10","999999","true","0.15469613259668508","0.6988950276243093","0.7285186654864014","0.36530479821710954","0.03854020883924598","0.3675846049140171","0.039215794373207394"
"s_440","finished","-","jurujin","tree_ring_watermark","2024-01-08T21:07:40.000Z","3376","","diff","Gustavosta/Stable-Diffusion-Prompts","440","200","20","0","7.5","512","/data/varlamov_a_data/dima/images","100","stabilityai/stable-diffusion-2-1-base","1","40","new_big_diff_attacks","0","ViT-g-14","laion2b_s12b_b42k","s_440","false","0","40","true","false","cheng2020-anchor","3","3","complex","circle","l1_complex","ring","0","10","999999","true","0.18232044198895028","0.7154696132596685","0.7659259485363695","0.36530479821710954","0.03854020883924598","0.3675846049140171","0.039215794373207394"
"s_430","finished","-","jurujin","tree_ring_watermark","2024-01-08T20:27:59.000Z","2373","","diff","Gustavosta/Stable-Diffusion-Prompts","430","200","20","0","7.5","512","/data/varlamov_a_data/dima/images","100","stabilityai/stable-diffusion-2-1-base","1","40","new_big_diff_attacks","0","ViT-g-14","laion2b_s12b_b42k","s_430","false","0","40","true","false","cheng2020-anchor","3","3","complex","circle","l1_complex","ring","0","10","999999","true","0.1712707182320442","0.7044198895027625","0.7513506913708373","0.36530479821710954","0.03854020883924598","0.3675846049140171","0.039215794373207394"
"s_420","finished","-","jurujin","tree_ring_watermark","2024-01-08T19:32:08.000Z","3342","","diff","Gustavosta/Stable-Diffusion-Prompts","420","200","20","0","7.5","512","/data/varlamov_a_data/dima/images","100","stabilityai/stable-diffusion-2-1-base","1","40","new_big_diff_attacks","0","ViT-g-14","laion2b_s12b_b42k","s_420","false","0","40","true","false","cheng2020-anchor","3","3","complex","circle","l1_complex","ring","0","10","999999","true","0.19337016574585636","0.7209944751381216","0.7913219987179879","0.36530479821710954","0.03854020883924598","0.3675846049140171","0.039215794373207394"
"s_410","finished","-","jurujin","tree_ring_watermark","2024-01-08T18:51:04.000Z","2456","","diff","Gustavosta/Stable-Diffusion-Prompts","410","200","20","0","7.5","512","/data/varlamov_a_data/dima/images","100","stabilityai/stable-diffusion-2-1-base","1","40","new_big_diff_attacks","0","ViT-g-14","laion2b_s12b_b42k","s_410","false","0","40","true","false","cheng2020-anchor","3","3","complex","circle","l1_complex","ring","0","10","999999","true","0.18232044198895028","0.7237569060773481","0.7749610817740606","0.36530479821710954","0.03854020883924598","0.3675846049140171","0.039215794373207394"
"s_400","finished","-","jurujin","tree_ring_watermark","2024-01-08T17:55:38.000Z","3318","","diff","Gustavosta/Stable-Diffusion-Prompts","400","200","20","0","7.5","512","/data/varlamov_a_data/dima/images","100","stabilityai/stable-diffusion-2-1-base","1","40","new_big_diff_attacks","0","ViT-g-14","laion2b_s12b_b42k","s_400","false","0","40","true","false","cheng2020-anchor","3","3","complex","circle","l1_complex","ring","0","10","999999","true","0.23756906077348067","0.7541436464088398","0.8179847989988095","0.36530479821710954","0.03854020883924598","0.3675846049140171","0.039215794373207394"
"s_390","finished","-","jurujin","tree_ring_watermark","2024-01-08T17:17:33.000Z","2277","","diff","Gustavosta/Stable-Diffusion-Prompts","390","200","20","0","7.5","512","/data/varlamov_a_data/dima/images","100","stabilityai/stable-diffusion-2-1-base","1","40","new_big_diff_attacks","0","ViT-g-14","laion2b_s12b_b42k","s_390","false","0","40","true","false","cheng2020-anchor","3","3","complex","circle","l1_complex","ring","0","10","999999","true","0.2430939226519337","0.7320441988950277","0.7953969659045816","0.36530479821710954","0.03854020883924598","0.3675846049140171","0.039215794373207394"
"s_380","finished","-","jurujin","tree_ring_watermark","2024-01-08T16:25:36.000Z","3109","","diff","Gustavosta/Stable-Diffusion-Prompts","380","200","20","0","7.5","512","/data/varlamov_a_data/dima/images","100","stabilityai/stable-diffusion-2-1-base","1","40","new_big_diff_attacks","0","ViT-g-14","laion2b_s12b_b42k","s_380","false","0","40","true","false","cheng2020-anchor","3","3","complex","circle","l1_complex","ring","0","10","999999","true","0.287292817679558","0.7707182320441989","0.8353682732517322","0.36530479821710954","0.03854020883924598","0.3675846049140171","0.039215794373207394"
"s_370","finished","-","jurujin","tree_ring_watermark","2024-01-08T15:42:37.000Z","2571","","diff","Gustavosta/Stable-Diffusion-Prompts","370","200","20","0","7.5","512","/data/varlamov_a_data/dima/images","100","stabilityai/stable-diffusion-2-1-base","1","40","new_big_diff_attacks","0","ViT-g-14","laion2b_s12b_b42k","s_370","false","0","40","true","false","cheng2020-anchor","3","3","complex","circle","l1_complex","ring","0","10","999999","true","0.27071823204419887","0.7651933701657458","0.8176795580110496","0.36530479821710954","0.03854020883924598","0.3675846049140171","0.039215794373207394"
"s_360","finished","-","jurujin","tree_ring_watermark","2024-01-08T14:57:05.000Z","2724","","diff","Gustavosta/Stable-Diffusion-Prompts","360","200","20","0","7.5","512","/data/varlamov_a_data/dima/images","100","stabilityai/stable-diffusion-2-1-base","1","40","new_big_diff_attacks","0","ViT-g-14","laion2b_s12b_b42k","s_360","false","0","40","true","false","cheng2020-anchor","3","3","complex","circle","l1_complex","ring","0","10","999999","true","0.3425414364640884","0.787292817679558","0.8536064222703824","0.36530479821710954","0.03854020883924598","0.3675846049140171","0.039215794373207394"
"s_350","finished","-","jurujin","tree_ring_watermark","2024-01-08T14:11:53.000Z","2704","","diff","Gustavosta/Stable-Diffusion-Prompts","350","200","20","0","7.5","512","/data/varlamov_a_data/dima/images","100","stabilityai/stable-diffusion-2-1-base","1","40","new_big_diff_attacks","0","ViT-g-14","laion2b_s12b_b42k","s_350","false","0","40","true","false","cheng2020-anchor","3","3","complex","circle","l1_complex","ring","0","10","999999","true","0.2983425414364641","0.7790055248618785","0.8343151918439607","0.36530479821710954","0.03854020883924598","0.3675846049140171","0.039215794373207394"
"s_340","finished","-","jurujin","tree_ring_watermark","2024-01-08T13:28:41.000Z","2583","","diff","Gustavosta/Stable-Diffusion-Prompts","340","200","20","0","7.5","512","/data/varlamov_a_data/dima/images","100","stabilityai/stable-diffusion-2-1-base","1","40","new_big_diff_attacks","0","ViT-g-14","laion2b_s12b_b42k","s_340","false","0","40","true","false","cheng2020-anchor","3","3","complex","circle","l1_complex","ring","0","10","999999","true","0.3977900552486188","0.8066298342541436","0.8697078843747138","0.36530479821710954","0.03854020883924598","0.3675846049140171","0.039215794373207394"
"s_330","finished","-","jurujin","tree_ring_watermark","2024-01-08T12:38:19.000Z","3013","","diff","Gustavosta/Stable-Diffusion-Prompts","330","200","20","0","7.5","512","/data/varlamov_a_data/dima/images","100","stabilityai/stable-diffusion-2-1-base","1","40","new_big_diff_attacks","0","ViT-g-14","laion2b_s12b_b42k","s_330","false","0","40","true","false","cheng2020-anchor","3","3","complex","circle","l1_complex","ring","0","10","999999","true","0.35911602209944754","0.781767955801105","0.8530875125911908","0.36530479821710954","0.03854020883924598","0.3675846049140171","0.039215794373207394"
"s_320","finished","-","jurujin","tree_ring_watermark","2024-01-08T12:02:42.000Z","2129","","diff","Gustavosta/Stable-Diffusion-Prompts","320","200","20","0","7.5","512","/data/varlamov_a_data/dima/images","100","stabilityai/stable-diffusion-2-1-base","1","40","new_big_diff_attacks","0","ViT-g-14","laion2b_s12b_b42k","s_320","false","0","40","true","false","cheng2020-anchor","3","3","complex","circle","l1_complex","ring","0","10","999999","true","0.425414364640884","0.8093922651933702","0.8848173132688257","0.36530479821710954","0.03854020883924598","0.3675846049140171","0.039215794373207394"
"s_310","finished","-","jurujin","tree_ring_watermark","2024-01-08T11:09:52.000Z","3161","","diff","Gustavosta/Stable-Diffusion-Prompts","310","200","20","0","7.5","512","/data/varlamov_a_data/dima/images","100","stabilityai/stable-diffusion-2-1-base","1","40","new_big_diff_attacks","0","ViT-g-14","laion2b_s12b_b42k","s_310","false","0","40","true","false","cheng2020-anchor","3","3","complex","circle","l1_complex","ring","0","10","999999","true","0.4143646408839779","0.8011049723756906","0.8717072128445407","0.36530479821710954","0.03854020883924598","0.3675846049140171","0.039215794373207394"
"s_300","finished","-","jurujin","tree_ring_watermark","2024-01-08T10:29:18.000Z","2426","","diff","Gustavosta/Stable-Diffusion-Prompts","300","200","20","0","7.5","512","/data/varlamov_a_data/dima/images","100","stabilityai/stable-diffusion-2-1-base","1","40","new_big_diff_attacks","0","ViT-g-14","laion2b_s12b_b42k","s_300","false","0","40","true","false","cheng2020-anchor","3","3","complex","circle","l1_complex","ring","0","10","999999","true","0.4696132596685083","0.8232044198895028","0.9034217514727876","0.36530479821710954","0.03854020883924598","0.3675846049140171","0.039215794373207394"
"s_290","finished","-","jurujin","tree_ring_watermark","2024-01-08T09:41:53.000Z","2836","","diff","Gustavosta/Stable-Diffusion-Prompts","290","200","20","0","7.5","512","/data/varlamov_a_data/dima/images","100","stabilityai/stable-diffusion-2-1-base","1","40","new_big_diff_attacks","0","ViT-g-14","laion2b_s12b_b42k","s_290","false","0","40","true","false","cheng2020-anchor","3","3","complex","circle","l1_complex","ring","0","10","999999","true","0.44751381215469616","0.8093922651933702","0.8882054882329599","0.36530479821710954","0.03854020883924598","0.3675846049140171","0.039215794373207394"
"s_280","finished","-","jurujin","tree_ring_watermark","2024-01-08T09:00:26.000Z","2479","","diff","Gustavosta/Stable-Diffusion-Prompts","280","200","20","0","7.5","512","/data/varlamov_a_data/dima/images","100","stabilityai/stable-diffusion-2-1-base","1","40","new_big_diff_attacks","0","ViT-g-14","laion2b_s12b_b42k","s_280","false","0","40","true","false","cheng2020-anchor","3","3","complex","circle","l1_complex","ring","0","10","999999","true","0.5082872928176796","0.839779005524862","0.9166692103415648","0.36530479821710954","0.03854020883924598","0.3675846049140171","0.039215794373207394"
"s_270","finished","-","jurujin","tree_ring_watermark","2024-01-08T08:19:30.000Z","2448","","diff","Gustavosta/Stable-Diffusion-Prompts","270","200","20","0","7.5","512","/data/varlamov_a_data/dima/images","100","stabilityai/stable-diffusion-2-1-base","1","40","new_big_diff_attacks","0","ViT-g-14","laion2b_s12b_b42k","s_270","false","0","40","true","false","cheng2020-anchor","3","3","complex","circle","l1_complex","ring","0","10","999999","true","0.4806629834254144","0.8232044198895028","0.9018344983364366","0.36530479821710954","0.03854020883924598","0.3675846049140171","0.039215794373207394"
"s_260","finished","-","jurujin","tree_ring_watermark","2024-01-08T07:30:48.000Z","2914","","diff","Gustavosta/Stable-Diffusion-Prompts","260","200","20","0","7.5","512","/data/varlamov_a_data/dima/images","100","stabilityai/stable-diffusion-2-1-base","1","40","new_big_diff_attacks","0","ViT-g-14","laion2b_s12b_b42k","s_260","false","0","40","true","false","cheng2020-anchor","3","3","complex","circle","l1_complex","ring","0","10","999999","true","0.5414364640883977","0.8480662983425414","0.929367235432374","0.36530479821710954","0.03854020883924598","0.3675846049140171","0.039215794373207394"
"s_250","finished","-","jurujin","tree_ring_watermark","2024-01-08T06:54:04.000Z","2196","","diff","Gustavosta/Stable-Diffusion-Prompts","250","200","20","0","7.5","512","/data/varlamov_a_data/dima/images","100","stabilityai/stable-diffusion-2-1-base","1","40","new_big_diff_attacks","0","ViT-g-14","laion2b_s12b_b42k","s_250","false","0","40","true","false","cheng2020-anchor","3","3","complex","circle","l1_complex","ring","0","10","999999","true","0.5138121546961326","0.839779005524862","0.9132352492292664","0.36530479821710954","0.03854020883924598","0.3675846049140171","0.039215794373207394"
"s_240","finished","-","jurujin","tree_ring_watermark","2024-01-08T06:06:46.000Z","2830","","diff","Gustavosta/Stable-Diffusion-Prompts","240","200","20","0","7.5","512","/data/varlamov_a_data/dima/images","100","stabilityai/stable-diffusion-2-1-base","1","40","new_big_diff_attacks","0","ViT-g-14","laion2b_s12b_b42k","s_240","false","0","40","true","false","cheng2020-anchor","3","3","complex","circle","l1_complex","ring","0","10","999999","true","0.6022099447513812","0.8591160220994475","0.9392723054851806","0.36530479821710954","0.03854020883924598","0.3675846049140171","0.039215794373207394"
"s_230","finished","-","jurujin","tree_ring_watermark","2024-01-08T05:24:23.000Z","2534","","diff","Gustavosta/Stable-Diffusion-Prompts","230","200","20","0","7.5","512","/data/varlamov_a_data/dima/images","100","stabilityai/stable-diffusion-2-1-base","1","40","new_big_diff_attacks","0","ViT-g-14","laion2b_s12b_b42k","s_230","false","0","40","true","false","cheng2020-anchor","3","3","complex","circle","l1_complex","ring","0","10","999999","true","0.56353591160221","0.850828729281768","0.925566985134764","0.36530479821710954","0.03854020883924598","0.3675846049140171","0.039215794373207394"
"s_220","finished","-","jurujin","tree_ring_watermark","2024-01-08T04:49:06.000Z","2108","","diff","Gustavosta/Stable-Diffusion-Prompts","220","200","20","0","7.5","512","/data/varlamov_a_data/dima/images","100","stabilityai/stable-diffusion-2-1-base","1","40","new_big_diff_attacks","0","ViT-g-14","laion2b_s12b_b42k","s_220","false","0","40","true","false","cheng2020-anchor","3","3","complex","circle","l1_complex","ring","0","10","999999","true","0.6408839779005525","0.8756906077348067","0.9510240835139344","0.36530479821710954","0.03854020883924598","0.3675846049140171","0.039215794373207394"
"s_210","finished","-","jurujin","tree_ring_watermark","2024-01-08T03:59:17.000Z","2981","","diff","Gustavosta/Stable-Diffusion-Prompts","210","200","20","0","7.5","512","/data/varlamov_a_data/dima/images","100","stabilityai/stable-diffusion-2-1-base","1","40","new_big_diff_attacks","0","ViT-g-14","laion2b_s12b_b42k","s_210","false","0","40","true","false","cheng2020-anchor","3","3","complex","circle","l1_complex","ring","0","10","999999","true","0.6022099447513812","0.850828729281768","0.9343274014834712","0.36530479821710954","0.03854020883924598","0.3675846049140171","0.039215794373207394"
"s_200","finished","-","jurujin","tree_ring_watermark","2024-01-08T03:23:05.000Z","2163","","diff","Gustavosta/Stable-Diffusion-Prompts","200","200","20","0","7.5","512","/data/varlamov_a_data/dima/images","100","stabilityai/stable-diffusion-2-1-base","1","40","new_big_diff_attacks","0","ViT-g-14","laion2b_s12b_b42k","s_200","false","0","40","true","false","cheng2020-anchor","3","3","complex","circle","l1_complex","ring","0","10","999999","true","0.6961325966850829","0.8867403314917127","0.9612954427520528","0.36530479821710954","0.03854020883924598","0.3675846049140171","0.039215794373207394"
"s_190","finished","-","jurujin","tree_ring_watermark","2024-01-08T02:43:17.000Z","2380","","diff","Gustavosta/Stable-Diffusion-Prompts","190","200","20","0","7.5","512","/data/varlamov_a_data/dima/images","100","stabilityai/stable-diffusion-2-1-base","1","40","new_big_diff_attacks","0","ViT-g-14","laion2b_s12b_b42k","s_190","false","0","40","true","false","cheng2020-anchor","3","3","complex","circle","l1_complex","ring","0","10","999999","true","0.6519337016574586","0.8646408839779005","0.9453313390922132","0.36530479821710954","0.03854020883924598","0.3675846049140171","0.039215794373207394"
"s_180","finished","-","jurujin","tree_ring_watermark","2024-01-08T01:58:48.000Z","2661","","diff","Gustavosta/Stable-Diffusion-Prompts","180","200","20","0","7.5","512","/data/varlamov_a_data/dima/images","100","stabilityai/stable-diffusion-2-1-base","1","40","new_big_diff_attacks","0","ViT-g-14","laion2b_s12b_b42k","s_180","false","0","40","true","false","cheng2020-anchor","3","3","complex","circle","l1_complex","ring","0","10","999999","true","0.7348066298342542","0.9033149171270718","0.9695216873721804","0.36530479821710954","0.03854020883924598","0.3675846049140171","0.039215794373207394"
"s_170","finished","-","jurujin","tree_ring_watermark","2024-01-08T01:22:45.000Z","2154","","diff","Gustavosta/Stable-Diffusion-Prompts","170","200","20","0","7.5","512","/data/varlamov_a_data/dima/images","100","stabilityai/stable-diffusion-2-1-base","1","40","new_big_diff_attacks","0","ViT-g-14","laion2b_s12b_b42k","s_170","false","0","40","true","false","cheng2020-anchor","3","3","complex","circle","l1_complex","ring","0","10","999999","true","0.6961325966850829","0.8812154696132597","0.951604041390678","0.36530479821710954","0.03854020883924598","0.3675846049140171","0.039215794373207394"
"s_160","finished","-","jurujin","tree_ring_watermark","2024-01-08T00:43:41.000Z","2336","","diff","Gustavosta/Stable-Diffusion-Prompts","160","200","20","0","7.5","512","/data/varlamov_a_data/dima/images","100","stabilityai/stable-diffusion-2-1-base","1","40","new_big_diff_attacks","0","ViT-g-14","laion2b_s12b_b42k","s_160","false","0","40","true","false","cheng2020-anchor","3","3","complex","circle","l1_complex","ring","0","10","999999","true","0.7734806629834254","0.9143646408839778","0.9746497359665456","0.36530479821710954","0.03854020883924598","0.3675846049140171","0.039215794373207394"
"s_150","finished","-","jurujin","tree_ring_watermark","2024-01-08T00:00:52.000Z","2560","","diff","Gustavosta/Stable-Diffusion-Prompts","150","200","20","0","7.5","512","/data/varlamov_a_data/dima/images","100","stabilityai/stable-diffusion-2-1-base","1","40","new_big_diff_attacks","0","ViT-g-14","laion2b_s12b_b42k","s_150","false","0","40","true","false","cheng2020-anchor","3","3","complex","circle","l1_complex","ring","0","10","999999","true","0.7348066298342542","0.8977900552486188","0.9598608101095816","0.36530479821710954","0.03854020883924598","0.3675846049140171","0.039215794373207394"
"s_140","finished","-","jurujin","tree_ring_watermark","2024-01-07T23:23:32.000Z","2232","","diff","Gustavosta/Stable-Diffusion-Prompts","140","200","20","0","7.5","512","/data/varlamov_a_data/dima/images","100","stabilityai/stable-diffusion-2-1-base","1","40","new_big_diff_attacks","0","ViT-g-14","laion2b_s12b_b42k","s_140","false","0","40","true","false","cheng2020-anchor","3","3","complex","circle","l1_complex","ring","0","10","999999","true","0.8066298342541437","0.93646408839779","0.9824486432038094","0.36530479821710954","0.03854020883924598","0.3675846049140171","0.039215794373207394"
"s_130","finished","-","jurujin","tree_ring_watermark","2024-01-07T22:48:32.000Z","2092","","diff","Gustavosta/Stable-Diffusion-Prompts","130","200","20","0","7.5","512","/data/varlamov_a_data/dima/images","100","stabilityai/stable-diffusion-2-1-base","1","40","new_big_diff_attacks","0","ViT-g-14","laion2b_s12b_b42k","s_130","false","0","40","true","false","cheng2020-anchor","3","3","complex","circle","l1_complex","ring","0","10","999999","true","0.7679558011049724","0.9116022099447514","0.9687585849027808","0.36530479821710954","0.03854020883924598","0.3675846049140171","0.039215794373207394"
"s_120","finished","-","jurujin","tree_ring_watermark","2024-01-07T22:04:33.000Z","2630","","diff","Gustavosta/Stable-Diffusion-Prompts","120","200","20","0","7.5","512","/data/varlamov_a_data/dima/images","100","stabilityai/stable-diffusion-2-1-base","1","40","new_big_diff_attacks","0","ViT-g-14","laion2b_s12b_b42k","s_120","false","0","40","true","false","cheng2020-anchor","3","3","complex","circle","l1_complex","ring","0","10","999999","true","0.856353591160221","0.9419889502762432","0.987057782118983","0.36530479821710954","0.03854020883924598","0.3675846049140171","0.039215794373207394"
"s_110","finished","-","jurujin","tree_ring_watermark","2024-01-07T21:28:24.000Z","2161","","diff","Gustavosta/Stable-Diffusion-Prompts","110","200","20","0","7.5","512","/data/varlamov_a_data/dima/images","100","stabilityai/stable-diffusion-2-1-base","1","40","new_big_diff_attacks","0","ViT-g-14","laion2b_s12b_b42k","s_110","false","0","40","true","false","cheng2020-anchor","3","3","complex","circle","l1_complex","ring","0","10","999999","true","0.8176795580110497","0.919889502762431","0.9748328805592016","0.36530479821710954","0.03854020883924598","0.3675846049140171","0.039215794373207394"
"s_100","finished","-","jurujin","tree_ring_watermark","2024-01-07T20:56:52.000Z","1884","","diff","Gustavosta/Stable-Diffusion-Prompts","100","200","20","0","7.5","512","/data/varlamov_a_data/dima/images","100","stabilityai/stable-diffusion-2-1-base","1","40","new_big_diff_attacks","0","ViT-g-14","laion2b_s12b_b42k","s_100","false","0","40","true","false","cheng2020-anchor","3","3","complex","circle","l1_complex","ring","0","10","999999","true","0.8950276243093923","0.9530386740331492","0.9910869631574128","0.36530479821710954","0.03854020883924598","0.3675846049140171","0.039215794373207394"
"s_90","finished","-","jurujin","tree_ring_watermark","2024-01-07T20:16:36.000Z","2408","","diff","Gustavosta/Stable-Diffusion-Prompts","90","200","20","0","7.5","512","/data/varlamov_a_data/dima/images","100","stabilityai/stable-diffusion-2-1-base","1","40","new_big_diff_attacks","0","ViT-g-14","laion2b_s12b_b42k","s_90","false","0","40","true","false","cheng2020-anchor","3","3","complex","circle","l1_complex","ring","0","10","999999","true","0.8397790055248618","0.93646408839779","0.9789383718445712","0.36530479821710954","0.03854020883924598","0.3675846049140171","0.039215794373207394"
"s_80","finished","-","jurujin","tree_ring_watermark","2024-01-07T19:37:43.000Z","2325","","diff","Gustavosta/Stable-Diffusion-Prompts","80","200","20","0","7.5","512","/data/varlamov_a_data/dima/images","100","stabilityai/stable-diffusion-2-1-base","1","40","new_big_diff_attacks","0","ViT-g-14","laion2b_s12b_b42k","s_80","false","0","40","true","false","cheng2020-anchor","3","3","complex","circle","l1_complex","ring","0","10","999999","true","0.9337016574585636","0.9640883977900552","0.9938493940966392","0.36530479821710954","0.03854020883924598","0.3675846049140171","0.039215794373207394"
"s_70","finished","-","jurujin","tree_ring_watermark","2024-01-07T19:04:11.000Z","2003","","diff","Gustavosta/Stable-Diffusion-Prompts","70","200","20","0","7.5","512","/data/varlamov_a_data/dima/images","100","stabilityai/stable-diffusion-2-1-base","1","40","new_big_diff_attacks","0","ViT-g-14","laion2b_s12b_b42k","s_70","false","0","40","true","false","cheng2020-anchor","3","3","complex","circle","l1_complex","ring","0","10","999999","true","0.8839779005524862","0.9502762430939228","0.9841122065871004","0.36530479821710954","0.03854020883924598","0.3675846049140171","0.039215794373207394"
"s_60","finished","-","jurujin","tree_ring_watermark","2024-01-07T18:30:13.000Z","2029","","diff","Gustavosta/Stable-Diffusion-Prompts","60","200","20","0","7.5","512","/data/varlamov_a_data/dima/images","100","stabilityai/stable-diffusion-2-1-base","1","40","new_big_diff_attacks","0","ViT-g-14","laion2b_s12b_b42k","s_60","false","0","40","true","false","cheng2020-anchor","3","3","complex","circle","l1_complex","ring","0","10","999999","true","0.9502762430939228","0.9751381215469612","0.9958029364183024","0.36530479821710954","0.03854020883924598","0.3675846049140171","0.039215794373207394"
"s_50","finished","-","jurujin","tree_ring_watermark","2024-01-07T17:59:08.000Z","1856","","diff","Gustavosta/Stable-Diffusion-Prompts","50","200","20","0","7.5","512","/data/varlamov_a_data/dima/images","100","stabilityai/stable-diffusion-2-1-base","1","40","new_big_diff_attacks","0","ViT-g-14","laion2b_s12b_b42k","s_50","false","0","40","true","false","cheng2020-anchor","3","3","complex","circle","l1_complex","ring","0","10","999999","true","0.9281767955801103","0.9696132596685084","0.9899728335520892","0.36530479821710954","0.03854020883924598","0.3675846049140171","0.039215794373207394"
"s_40","finished","-","jurujin","tree_ring_watermark","2024-01-07T17:20:38.000Z","2301","","diff","Gustavosta/Stable-Diffusion-Prompts","40","200","20","0","7.5","512","/data/varlamov_a_data/dima/images","100","stabilityai/stable-diffusion-2-1-base","1","40","new_big_diff_attacks","0","ViT-g-14","laion2b_s12b_b42k","s_40","false","0","40","true","false","cheng2020-anchor","3","3","complex","circle","l1_complex","ring","0","10","999999","true","0.9723756906077348","0.9861878453038674","0.9972528311101616","0.36530479821710954","0.03854020883924598","0.3675846049140171","0.039215794373207394"
"s_30","finished","-","jurujin","tree_ring_watermark","2024-01-07T16:45:37.000Z","2092","","diff","Gustavosta/Stable-Diffusion-Prompts","30","200","20","0","7.5","512","/data/varlamov_a_data/dima/images","100","stabilityai/stable-diffusion-2-1-base","1","40","new_big_diff_attacks","0","ViT-g-14","laion2b_s12b_b42k","s_30","false","0","40","true","false","cheng2020-anchor","3","3","complex","circle","l1_complex","ring","0","10","999999","true","0.9668508287292816","0.9834254143646408","0.9931626018741796","0.36530479821710954","0.03854020883924598","0.3675846049140171","0.039215794373207394"
"s_20","finished","-","jurujin","tree_ring_watermark","2024-01-07T16:10:55.000Z","2072","","diff","Gustavosta/Stable-Diffusion-Prompts","20","200","20","0","7.5","512","/data/varlamov_a_data/dima/images","100","stabilityai/stable-diffusion-2-1-base","1","40","new_big_diff_attacks","0","ViT-g-14","laion2b_s12b_b42k","s_20","false","0","40","true","false","cheng2020-anchor","3","3","complex","circle","l1_complex","ring","0","10","999999","true","0.988950276243094","0.9917127071823204","0.9973138793077136","0.36530479821710954","0.03854020883924598","0.3675846049140171","0.039215794373207394"
"s_10","finished","-","jurujin","tree_ring_watermark","2024-01-07T15:36:58.000Z","2028","","diff","Gustavosta/Stable-Diffusion-Prompts","10","200","20","0","7.5","512","/data/varlamov_a_data/dima/images","100","stabilityai/stable-diffusion-2-1-base","1","40","new_big_diff_attacks","0","ViT-g-14","laion2b_s12b_b42k","s_10","false","0","40","true","false","cheng2020-anchor","3","3","complex","circle","l1_complex","ring","0","10","999999","true","0.994475138121547","0.9972375690607737","0.999908427703672","0.36530479821710954","0.03854020883924598","0.3675846049140171","0.039215794373207394"